"iter";"num_air";"num_mach";"num_brig";"num_per";"status";"select_air";"select_mach";"select_brig";"cost";"res_cost";"fire_cost";"feas_time";"infeas_time";"total_time"
1;5;5;5;10;"OPTIMAL";2;2;2;774961;470490;304471;0.603212356567383;0;0.603212356567383
2;5;5;5;10;"OPTIMAL";2;2;2;497742;422860;74882;0.625986099243164;0;0.625986099243164
3;5;5;5;10;"OPTIMAL";3;1;1;985612;618080;367532;0.265655517578125;0;0.265655517578125
4;5;5;5;10;"INFEASIBLE";0;0;3;72443;39820;32623;0.137567520141602;0.0742778778076172;0.211845397949219
5;5;5;5;10;"INFEASIBLE";2;3;4;829915;602200;227715;0.140636444091797;0.111295700073242;0.251932144165039
6;5;5;5;10;"OPTIMAL";2;3;1;486273;422070;64203;0.378005981445312;0;0.378005981445312
7;5;5;5;10;"OPTIMAL";3;0;1;493438;451240;42198;1.06784057617188;0;1.06784057617188
8;5;5;5;10;"OPTIMAL";2;1;1;589433;518080;71353;0.367055892944336;0;0.367055892944336
9;5;5;5;10;"OPTIMAL";3;0;0;465534;424800;40734;0.39307975769043;0;0.39307975769043
10;5;5;5;10;"INFEASIBLE";2;2;5;1044630;723000;321630;0.125007629394531;0.106143951416016;0.231151580810547
11;5;5;5;10;"OPTIMAL";3;0;0;591736;415200;176536;0.209430694580078;0;0.209430694580078
12;5;5;5;10;"OPTIMAL";1;2;3;461732;325200;136532;0.599756240844727;0;0.599756240844727
13;5;5;5;10;"INFEASIBLE";0;3;3;164150;92990;71160;0.140945434570312;0.141565322875977;0.282510757446289
14;5;5;5;10;"OPTIMAL";2;1;1;510443;325240;185203;0.201633453369141;0;0.201633453369141
15;5;5;5;10;"INFEASIBLE";4;2;5;1592784;1301500;291284;0.0586166381835938;0.0946712493896484;0.153287887573242
16;5;5;5;10;"OPTIMAL";1;1;2;336152;233820;102332;0.362094879150391;0;0.362094879150391
17;5;5;5;10;"OPTIMAL";2;2;3;753237;408030;345207;1.03218841552734;0;1.03218841552734
18;5;5;5;10;"OPTIMAL";1;2;3;756538;362940;393598;0.820896148681641;0;0.820896148681641
19;5;5;5;10;"OPTIMAL";3;1;4;1108078;935310;172768;0.831544876098633;0;0.831544876098633
20;5;5;5;10;"OPTIMAL";2;1;2;485572;398500;87072;0.793865203857422;0;0.793865203857422
21;5;5;5;10;"OPTIMAL";3;0;3;704730;514940;189790;0.587751388549805;0;0.587751388549805
22;5;5;5;10;"INFEASIBLE";0;1;4;156428;87400;69028;0.126014709472656;0.0781459808349609;0.204160690307617
23;5;5;5;10;"OPTIMAL";3;0;0;520552;475200;45352;0.790786743164062;0;0.790786743164062
24;5;5;5;10;"OPTIMAL";2;1;2;542308;447100;95208;0.411596298217773;0;0.411596298217773
25;5;5;5;10;"INFEASIBLE";3;3;5;1405854;1050000;355854;0.116279602050781;0.0827655792236328;0.199045181274414
26;5;5;5;10;"OPTIMAL";2;2;1;587674;307860;279814;0.526771545410156;0;0.526771545410156
27;5;5;5;10;"INFEASIBLE";0;2;5;623084;116880;506204;0.109380722045898;0.101716995239258;0.211097717285156
28;5;5;5;10;"INFEASIBLE";2;3;5;944199;740500;203699;0.147172927856445;0.101652145385742;0.248825073242188
29;5;5;5;10;"INFEASIBLE";0;4;2;126517;97640;28877;0.12348747253418;0.181089401245117;0.304576873779297
30;5;5;5;10;"OPTIMAL";3;0;2;691444;624160;67284;0.629598617553711;0;0.629598617553711
31;5;5;5;10;"INFEASIBLE";5;1;4;1854227;1610730;243497;0.121767044067383;0.105913162231445;0.227680206298828
32;5;5;5;10;"INFEASIBLE";0;1;1;61820;25100;36720;0.105705261230469;0.0781307220458984;0.183835983276367
33;5;5;5;10;"INFEASIBLE";0;2;2;83512;56150;27362;0.0902214050292969;0.0822048187255859;0.172426223754883
34;5;5;5;10;"INFEASIBLE";4;1;4;1606688;1311400;295288;0.0976238250732422;0.0781307220458984;0.175754547119141
35;5;5;5;10;"OPTIMAL";3;1;2;893615;670620;222995;0.58192253112793;0;0.58192253112793
36;5;5;5;10;"OPTIMAL";2;1;2;508056;321480;186576;0.186931610107422;0;0.186931610107422
37;5;5;5;10;"INFEASIBLE";0;1;4;576122;81970;494152;0.109384536743164;0.0840606689453125;0.193445205688477
38;5;5;5;10;"OPTIMAL";2;0;0;492138;403200;88938;0.543859481811523;0;0.543859481811523
39;5;5;5;10;"OPTIMAL";2;0;1;375924;307240;68684;0.345769882202148;0;0.345769882202148
40;5;5;5;10;"OPTIMAL";2;0;3;581685;342140;239545;0.21605110168457;0;0.21605110168457
41;5;5;5;10;"INFEASIBLE";0;2;0;100391;30000;70391;0.121416091918945;0.0625076293945312;0.183923721313477
42;5;5;5;10;"OPTIMAL";2;2;3;908694;627420;281274;1.01592254638672;0;1.01592254638672
43;5;5;5;10;"OPTIMAL";3;2;2;1045089;872330;172759;1.37037086486816;0;1.37037086486816
44;5;5;5;10;"OPTIMAL";2;0;1;471434;385260;86174;1.16142272949219;0;1.16142272949219
45;5;5;5;10;"INFEASIBLE";3;4;5;1203920;916060;287860;0.0312538146972656;0.106216430664062;0.137470245361328
46;5;5;5;10;"OPTIMAL";2;1;3;647213;393750;253463;1.08658599853516;0;1.08658599853516
47;5;5;5;10;"OPTIMAL";2;1;3;769378;590200;179178;0.355958938598633;0;0.355958938598633
48;5;5;5;10;"INFEASIBLE";2;0;5;1041185;690500;350685;0.0781326293945312;0.0978050231933594;0.175937652587891
49;5;5;5;10;"INFEASIBLE";4;2;5;1679412;1338640;340772;0.0937652587890625;0.194089889526367;0.28785514831543
50;5;5;5;10;"OPTIMAL";2;1;2;932535;604560;327975;1.11822891235352;0;1.11822891235352
51;5;5;5;10;"OPTIMAL";2;0;3;495634;397930;97704;0.386445999145508;0;0.386445999145508
52;5;5;5;10;"OPTIMAL";3;1;3;914267;745590;168677;0.570896148681641;0;0.570896148681641
53;5;5;5;10;"OPTIMAL";2;1;1;957306;582650;374656;0.18310546875;0;0.18310546875
54;5;5;5;10;"INFEASIBLE";3;1;4;1281482;855400;426082;0.128316879272461;0.166114807128906;0.294431686401367
55;5;5;5;10;"INFEASIBLE";2;3;5;1093589;736880;356709;0.101043701171875;0.215286254882812;0.316329956054688
56;5;5;5;10;"OPTIMAL";2;1;1;882728;562860;319868;0.78419303894043;0;0.78419303894043
57;5;5;5;10;"OPTIMAL";3;1;2;1251232;960330;290902;0.448238372802734;0;0.448238372802734
58;5;5;5;10;"OPTIMAL";2;1;2;839127;515840;323287;0.337076187133789;0;0.337076187133789
59;5;5;5;10;"INFEASIBLE";5;2;3;1927628;1598800;328828;0.10938835144043;0.0830364227294922;0.192424774169922
60;5;5;5;10;"OPTIMAL";2;0;2;633799;567150;66649;0.422054290771484;0;0.422054290771484
61;5;5;5;10;"INFEASIBLE";4;2;4;1579595;1276100;303495;0.0941658020019531;0.128730773925781;0.222896575927734
62;5;5;5;10;"INFEASIBLE";0;1;4;147928;78350;69578;0.108678817749023;0.10606575012207;0.214744567871094
63;5;5;5;10;"OPTIMAL";2;0;0;367573;230400;137173;0.12908935546875;0;0.12908935546875
64;5;5;5;10;"OPTIMAL";3;0;2;1021521;861170;160351;0.784189224243164;0;0.784189224243164
65;5;5;5;10;"INFEASIBLE";0;2;5;186387;114640;71747;0.125015258789062;0.354103088378906;0.479118347167969
66;5;5;5;10;"INFEASIBLE";0;3;2;100582;78270;22312;0.15226936340332;0.0907096862792969;0.242979049682617
67;5;5;5;10;"INFEASIBLE";5;1;3;1899715;1583800;315915;0.115280151367188;0.10710334777832;0.222383499145508
68;5;5;5;10;"OPTIMAL";4;0;1;785987;619240;166747;0.262065887451172;0;0.262065887451172
69;5;5;5;10;"INFEASIBLE";0;1;4;111486;86280;25206;0.106794357299805;0.085052490234375;0.19184684753418
70;5;5;5;10;"INFEASIBLE";0;2;3;144230;76180;68050;0.147480010986328;0.123489379882812;0.270969390869141
71;5;5;5;10;"OPTIMAL";1;1;3;499123;372560;126563;0.354581832885742;0;0.354581832885742
72;5;5;5;10;"OPTIMAL";3;1;2;723246;529600;193646;0.286487579345703;0;0.286487579345703
73;5;5;5;10;"OPTIMAL";2;0;3;814452;537210;277242;0.311574935913086;0;0.311574935913086
74;5;5;5;10;"OPTIMAL";2;0;2;604187;374480;229707;0.198305130004883;0;0.198305130004883
75;5;5;5;10;"INFEASIBLE";0;3;3;135409;96370;39039;0.0899028778076172;0.0936908721923828;0.18359375
76;5;5;5;10;"OPTIMAL";1;1;1;332184;237950;94234;0.991378784179688;0;0.991378784179688
77;5;5;5;10;"OPTIMAL";2;0;2;802929;522730;280199;0.479660034179688;0;0.479660034179688
78;5;5;5;10;"OPTIMAL";2;1;3;577368;479880;97488;0.171438217163086;0;0.171438217163086
79;5;5;5;10;"OPTIMAL";5;1;3;1745221;1559890;185331;0.467079162597656;0;0.467079162597656
80;5;5;5;10;"OPTIMAL";3;1;2;923275;767190;156085;0.589069366455078;0;0.589069366455078
81;5;5;5;10;"INFEASIBLE";0;2;3;128155;81300;46855;0.125005722045898;0.105802536010742;0.230808258056641
82;5;5;5;10;"INFEASIBLE";2;1;3;915321;434650;480671;0.133394241333008;0.0937633514404297;0.227157592773438
83;5;5;5;10;"OPTIMAL";2;2;3;896884;599510;297374;0.561019897460938;0;0.561019897460938
84;5;5;5;10;"INFEASIBLE";4;1;1;1401802;1036300;365502;0.121244430541992;0.102548599243164;0.223793029785156
85;5;5;5;10;"OPTIMAL";2;0;1;604955;492670;112285;0.559503555297852;0;0.559503555297852
86;5;5;5;10;"OPTIMAL";3;0;3;779959;650560;129399;0.21824836730957;0;0.21824836730957
87;5;5;5;10;"INFEASIBLE";0;3;2;153304;81200;72104;0.153621673583984;0.0900344848632812;0.243656158447266
88;5;5;5;10;"OPTIMAL";5;4;1;1917458;1602170;315288;0.717489242553711;0;0.717489242553711
89;5;5;5;10;"INFEASIBLE";0;2;5;127806;112830;14976;0.114677429199219;0.112939834594727;0.227617263793945
90;5;5;5;10;"OPTIMAL";4;0;1;595015;525640;69375;0.486536026000977;0;0.486536026000977
91;5;5;5;10;"INFEASIBLE";3;2;5;1383029;1037500;345529;0.186367034912109;0.125015258789062;0.311382293701172
92;5;5;5;10;"OPTIMAL";2;2;2;801232;505330;295902;0.560291290283203;0;0.560291290283203
93;5;5;5;10;"INFEASIBLE";5;2;5;1904645;1656500;248145;0.113019943237305;0.122703552246094;0.235723495483398
94;5;5;5;10;"INFEASIBLE";3;3;5;1378104;1031000;347104;0.120384216308594;0.0802459716796875;0.200630187988281
95;5;5;5;10;"OPTIMAL";2;0;2;574042;347490;226552;0.749242782592773;0;0.749242782592773
96;5;5;5;10;"OPTIMAL";2;0;2;629581;559360;70221;1.10414123535156;0;1.10414123535156
97;5;5;5;10;"OPTIMAL";3;1;0;587298;409200;178098;1.16858291625977;0;1.16858291625977
98;5;5;5;10;"OPTIMAL";3;0;1;722225;645640;76585;0.427165985107422;0;0.427165985107422
99;5;5;5;10;"OPTIMAL";2;1;3;649311;570220;79091;0.869844436645508;0;0.869844436645508
100;5;5;5;10;"INFEASIBLE";2;3;5;1179919;691480;488439;0.168359756469727;0.114032745361328;0.282392501831055
1;5;5;5;20;"OPTIMAL";4;1;2;1352881;1246970;105911;37.5725116729736;0;37.5725116729736
2;5;5;5;20;"OPTIMAL";2;1;3;775395;595630;179765;3.82077598571777;0;3.82077598571777
3;5;5;5;20;"OPTIMAL";2;0;1;612694;383450;229244;2.24585723876953;0;2.24585723876953
4;5;5;5;20;"OPTIMAL";2;1;1;652852;409250;243602;5.14486694335938;0;5.14486694335938
5;5;5;5;20;"OPTIMAL";4;1;3;1636311;1247580;388731;8.2859935760498;0;8.2859935760498
6;5;5;5;20;"OPTIMAL";1;1;2;662708;318140;344568;3.12635040283203;0;3.12635040283203
7;5;5;5;20;"INFEASIBLE";4;1;5;2430618;1852170;578448;0.494346618652344;3.73953628540039;4.23388290405273
8;5;5;5;20;"OPTIMAL";1;1;2;388700;302160;86540;3.90569496154785;0;3.90569496154785
9;5;5;5;20;"INFEASIBLE";2;3;5;2202158;1515190;686968;33.4098606109619;4.8744945526123;38.2843551635742
10;5;5;5;20;"OPTIMAL";2;1;1;814617;666800;147817;5.68560409545898;0;5.68560409545898
11;5;5;5;20;"OPTIMAL";1;1;3;488272;350810;137462;2.77134323120117;0;2.77134323120117
12;5;5;5;20;"OPTIMAL";2;1;1;489304;392200;97104;2.5972843170166;0;2.5972843170166
13;5;5;5;20;"OPTIMAL";1;3;3;913642;767030;146612;11.1596069335938;0;11.1596069335938
14;5;5;5;20;"INFEASIBLE";0;3;2;228218;155800;72418;0.591552734375;0.658048629760742;1.24960136413574
15;5;5;5;20;"INFEASIBLE";0;0;2;182544;72400;110144;0.536369323730469;0.429214477539062;0.965583801269531
16;5;5;5;20;"OPTIMAL";2;0;0;377152;312000;65152;0.758878707885742;0;0.758878707885742
17;5;5;5;20;"INFEASIBLE";2;2;5;1610398;1420660;189738;7.43660545349121;6.40041732788086;13.8370227813721
18;5;5;5;20;"INFEASIBLE";5;3;5;3349896;2755710;594186;0.470500946044922;5.50957298278809;5.98007392883301
19;5;5;5;20;"INFEASIBLE";2;1;5;2167401;1366190;801211;8.691650390625;2.38050842285156;11.0721588134766
20;5;5;5;20;"INFEASIBLE";2;4;5;1999201;1506950;492251;1.46158409118652;1.51600646972656;2.97759056091309
21;5;5;5;20;"INFEASIBLE";3;2;4;2368242;1789200;579042;0.443422317504883;2.75439453125;3.19781684875488
22;5;5;5;20;"OPTIMAL";2;1;2;448604;367300;81304;3.70268440246582;0;3.70268440246582
23;5;5;5;20;"OPTIMAL";1;2;3;655864;501470;154394;41.7863235473633;0;41.7863235473633
24;5;5;5;20;"INFEASIBLE";0;1;3;235300;138600;96700;0.616996765136719;0.507743835449219;1.12474060058594
25;5;5;5;20;"OPTIMAL";2;0;1;716400;550310;166090;4.59303855895996;0;4.59303855895996
26;5;5;5;20;"OPTIMAL";1;1;1;552155;382010;170145;3.19157981872559;0;3.19157981872559
27;5;5;5;20;"OPTIMAL";1;1;1;499168;239760;259408;0.792102813720703;0;0.792102813720703
28;5;5;5;20;"INFEASIBLE";5;3;4;3647618;3126180;521438;0.537513732910156;1.98421287536621;2.52172660827637
29;5;5;5;20;"OPTIMAL";2;2;4;2035135;1247020;788115;21.0757217407227;0;21.0757217407227
30;5;5;5;20;"INFEASIBLE";3;3;4;2686445;1938410;748035;11.5493659973145;2.49490928649902;14.0442752838135
31;5;5;5;20;"OPTIMAL";2;1;0;739921;591750;148171;5.53144836425781;0;5.53144836425781
32;5;5;5;20;"INFEASIBLE";5;1;5;3364835;3219690;145145;6.72948265075684;1.25493431091309;7.98441696166992
33;5;5;5;20;"INFEASIBLE";0;1;3;189796;136790;53006;0.615530014038086;0.43852424621582;1.05405426025391
34;5;5;5;20;"OPTIMAL";4;0;0;1187566;921600;265966;0.844051361083984;0;0.844051361083984
35;5;5;5;20;"INFEASIBLE";4;2;5;2471706;1887600;584106;0.47618293762207;2.53994560241699;3.01612854003906
36;5;5;5;20;"OPTIMAL";1;2;2;911588;445720;465868;2.90693664550781;0;2.90693664550781
37;5;5;5;20;"OPTIMAL";2;0;2;960493;759820;200673;10.4943656921387;0;10.4943656921387
38;5;5;5;20;"OPTIMAL";2;2;2;1143798;699370;444428;12.6237335205078;0;12.6237335205078
39;5;5;5;20;"OPTIMAL";2;3;3;1570865;1392830;178035;9.2419548034668;0;9.2419548034668
40;5;5;5;20;"OPTIMAL";2;1;2;617854;508600;109254;2.65246200561523;0;2.65246200561523
41;5;5;5;20;"OPTIMAL";1;1;2;587091;449390;137701;8.72492980957031;0;8.72492980957031
42;5;5;5;20;"INFEASIBLE";4;1;5;2357321;2146110;211211;22.9999752044678;9.13457298278809;32.1345481872559
43;5;5;5;20;"OPTIMAL";3;1;2;1306310;854530;451780;10.7454051971436;0;10.7454051971436
44;5;5;5;20;"INFEASIBLE";1;3;4;1510232;544990;965242;0.84954833984375;0.507326126098633;1.35687446594238
45;5;5;5;20;"OPTIMAL";1;2;1;447471;353480;93991;6.63922309875488;0;6.63922309875488
46;5;5;5;20;"OPTIMAL";2;0;2;848251;669800;178451;6.57484436035156;0;6.57484436035156
47;5;5;5;20;"OPTIMAL";2;1;2;896190;786240;109950;19.5602588653564;0;19.5602588653564
48;5;5;5;20;"INFEASIBLE";3;1;2;2785965;1881590;904375;22.1919422149658;3.83585166931152;26.0277938842773
49;5;5;5;20;"OPTIMAL";2;0;2;1053048;685340;367708;8.29066848754883;0;8.29066848754883
50;5;5;5;20;"INFEASIBLE";2;4;4;2179750;1240190;939560;7.44738006591797;1.03722381591797;8.48460388183594
51;5;5;5;20;"OPTIMAL";3;0;1;1291066;864710;426356;4.04569053649902;0;4.04569053649902
52;5;5;5;20;"OPTIMAL";4;0;3;2670785;2474370;196415;9.6034984588623;0;9.6034984588623
53;5;5;5;20;"INFEASIBLE";2;0;5;1757996;1170350;587646;0.442354202270508;1.65792465209961;2.10027885437012
54;5;5;5;20;"OPTIMAL";1;2;2;545206;383750;161456;4.04842376708984;0;4.04842376708984
55;5;5;5;20;"INFEASIBLE";4;1;5;3088490;2606950;481540;0.946502685546875;1.5450611114502;2.49156379699707
56;5;5;5;20;"OPTIMAL";2;3;3;2227118;1403150;823968;10.9778518676758;0;10.9778518676758
57;5;5;5;20;"INFEASIBLE";3;1;4;2421585;1989750;431835;6.70645713806152;3.74530410766602;10.4517612457275
58;5;5;5;20;"OPTIMAL";2;0;1;1001911;616290;385621;5.1028938293457;0;5.1028938293457
59;5;5;5;20;"OPTIMAL";2;2;2;1233824;795570;438254;8.74359703063965;0;8.74359703063965
60;5;5;5;20;"OPTIMAL";2;2;3;472972;368200;104772;11.1205539703369;0;11.1205539703369
61;5;5;5;20;"INFEASIBLE";4;5;5;2329907;1775140;554767;0.48845100402832;3.26337432861328;3.7518253326416
62;5;5;5;20;"INFEASIBLE";0;3;5;297606;238020;59586;0.514795303344727;0.440628051757812;0.955423355102539
63;5;5;5;20;"OPTIMAL";3;1;3;2804817;1987360;817457;10.7363338470459;0;10.7363338470459
64;5;5;5;20;"INFEASIBLE";2;2;4;2192248;1402560;789688;10.989408493042;2.96558952331543;13.9549980163574
65;5;5;5;20;"INFEASIBLE";3;3;4;2596856;2063800;533056;0.961721420288086;1.79546928405762;2.7571907043457
66;5;5;5;20;"OPTIMAL";2;2;2;1085910;949120;136790;14.4218559265137;0;14.4218559265137
67;5;5;5;20;"OPTIMAL";1;0;2;597731;410600;187131;3.27679252624512;0;3.27679252624512
68;5;5;5;20;"INFEASIBLE";0;3;2;233279;165650;67629;0.537590026855469;0.578838348388672;1.11642837524414
69;5;5;5;20;"OPTIMAL";3;0;2;577031;534100;42931;0.727705001831055;0;0.727705001831055
70;5;5;5;20;"INFEASIBLE";3;2;5;2229806;1595270;634536;1.163818359375;2.27391242980957;3.43773078918457
71;5;5;5;20;"INFEASIBLE";1;2;5;1133012;536070;596942;0.430864334106445;2.18638038635254;2.61724472045898
72;5;5;5;20;"OPTIMAL";1;1;2;441949;212240;229709;2.26507949829102;0;2.26507949829102
73;5;5;5;20;"INFEASIBLE";4;4;5;3262522;2607980;654542;0.451351165771484;1.95010375976562;2.40145492553711
74;5;5;5;20;"OPTIMAL";2;2;3;1109766;620810;488956;19.2624034881592;0;19.2624034881592
75;5;5;5;20;"INFEASIBLE";0;1;5;334424;211000;123424;0.571889877319336;0.380952835083008;0.952842712402344
76;5;5;5;20;"INFEASIBLE";0;3;0;173516;72500;101016;0.522443771362305;0.429620742797852;0.952064514160156
77;5;5;5;20;"OPTIMAL";2;2;2;1296195;811700;484495;11.1955413818359;0;11.1955413818359
78;5;5;5;20;"OPTIMAL";2;0;1;635775;354060;281715;3.32690238952637;0;3.32690238952637
79;5;5;5;20;"INFEASIBLE";0;1;0;113230;30000;83230;0.617885589599609;0.411962509155273;1.02984809875488
80;5;5;5;20;"OPTIMAL";2;1;1;605252;522370;82882;1.81707763671875;0;1.81707763671875
81;5;5;5;20;"INFEASIBLE";0;2;4;251136;178270;72866;0.521928787231445;0.448776245117188;0.970705032348633
82;5;5;5;20;"OPTIMAL";3;0;2;846372;712920;133452;3.47993087768555;0;3.47993087768555
83;5;5;5;20;"OPTIMAL";1;1;3;572637;427680;144957;40.0927219390869;0;40.0927219390869
84;5;5;5;20;"INFEASIBLE";5;3;5;3708969;3015000;693969;14.7282218933105;6.57649040222168;21.3047122955322
85;5;5;5;20;"OPTIMAL";4;1;2;1871044;1734030;137014;11.8859539031982;0;11.8859539031982
86;5;5;5;20;"INFEASIBLE";0;1;3;203542;141790;61752;0.57716178894043;0.457769393920898;1.03493118286133
87;5;5;5;20;"INFEASIBLE";3;3;5;2174479;1577000;597479;0.50360107421875;3.10718536376953;3.61078643798828
88;5;5;5;20;"INFEASIBLE";4;4;5;3424064;2785800;638264;0.488515853881836;5.54717636108398;6.03569221496582
89;5;5;5;20;"OPTIMAL";3;1;1;1283363;1128410;154953;6.98464775085449;0;6.98464775085449
90;5;5;5;20;"OPTIMAL";1;1;2;492224;233820;258404;1.27526473999023;0;1.27526473999023
91;5;5;5;20;"INFEASIBLE";3;2;4;2418200;1815910;602290;0.453197479248047;1.71259307861328;2.16579055786133
92;5;5;5;20;"OPTIMAL";2;1;1;807348;636410;170938;20.9050559997559;0;20.9050559997559
93;5;5;5;20;"OPTIMAL";4;2;1;1493212;1087400;405812;7.47829055786133;0;7.47829055786133
94;5;5;5;20;"OPTIMAL";1;2;4;1652714;826250;826464;14.7975692749023;0;14.7975692749023
95;5;5;5;20;"INFEASIBLE";3;1;3;1934519;1728580;205939;10.6355037689209;3.81408309936523;14.4495868682861
96;5;5;5;20;"OPTIMAL";1;2;1;441361;317660;123701;0.829570770263672;0;0.829570770263672
97;5;5;5;20;"OPTIMAL";2;0;0;488086;391200;96886;2.84275054931641;0;2.84275054931641
98;5;5;5;20;"OPTIMAL";2;0;2;858219;660750;197469;5.45654678344727;0;5.45654678344727
99;5;5;5;20;"OPTIMAL";2;2;3;1140514;773200;367314;3.40439605712891;0;3.40439605712891
100;5;5;5;20;"OPTIMAL";2;0;2;813422;501720;311702;3.08205032348633;0;3.08205032348633
1;5;5;5;30;"INFEASIBLE";2;2;4;2995408;1994700;1000708;4.49621772766113;9.22982406616211;13.7260417938232
2;5;5;5;30;"OPTIMAL";2;2;2;1617009;1342000;275009;334.817157745361;0;334.817157745361
3;5;5;5;30;"OPTIMAL";2;0;1;785094;492670;292424;2.27591323852539;0;2.27591323852539
4;5;5;5;30;"OPTIMAL";1;1;3;1028309;756800;271509;105.276906967163;0;105.276906967163
5;5;5;5;30;"OPTIMAL";2;2;4;2300989;1404050;896939;572.596559524536;0;572.596559524536
6;5;5;5;30;"OPTIMAL";3;3;3;2956409;2506160;450249;475.839477539062;0;475.839477539062
7;5;5;5;30;"OPTIMAL";2;0;2;215374;194440;20934;1.24325370788574;0;1.24325370788574
8;5;5;5;30;"OPTIMAL";2;1;2;723566;620270;103296;47.0886402130127;0;47.0886402130127
9;5;5;5;30;"OPTIMAL";3;0;0;326115;242400;83715;1.40219497680664;0;1.40219497680664
10;5;5;5;30;"OPTIMAL";3;2;2;995777;916220;79557;21.2344989776611;0;21.2344989776611
11;5;5;5;30;"OPTIMAL";1;2;4;1154441;960650;193791;334.973922729492;0;334.973922729492
12;5;5;5;30;"OPTIMAL";3;2;1;2445379;1608570;836809;213.738531112671;0;213.738531112671
13;5;5;5;30;"OPTIMAL";2;0;3;743510;627900;115610;32.2857799530029;0;32.2857799530029
14;5;5;5;30;"OPTIMAL";2;1;1;833863;720190;113673;23.0220184326172;0;23.0220184326172
15;5;5;5;30;"OPTIMAL";2;0;2;619451;517380;102071;2.97884368896484;0;2.97884368896484
16;5;5;5;30;"OPTIMAL";2;1;1;1697385;1385890;311495;375.253606796265;0;375.253606796265
17;5;5;5;30;"OPTIMAL";3;1;2;1345948;949120;396828;36.0890274047852;0;36.0890274047852
18;5;5;5;30;"INFEASIBLE";0;3;5;511357;360570;150787;1.56885147094727;1.26969718933105;2.83854866027832
19;5;5;5;30;"INFEASIBLE";3;1;5;3704548;2816070;888478;1.43583106994629;11.2527732849121;12.6886043548584
20;5;5;5;30;"OPTIMAL";4;1;3;3721282;3237420;483862;92.7873668670654;0;92.7873668670654
21;5;5;5;30;"OPTIMAL";2;2;5;2819638;1822250;997388;71.4493217468262;0;71.4493217468262
22;5;5;5;30;"OPTIMAL";2;2;3;893619;717900;175719;47.0979957580566;0;47.0979957580566
23;5;5;5;30;"OPTIMAL";1;2;2;614448;450030;164418;11.0386867523193;0;11.0386867523193
24;5;5;5;30;"INFEASIBLE";2;1;4;3089882;1870070;1219812;3.45273208618164;7.86528205871582;11.3180141448975
25;5;5;5;30;"OPTIMAL";3;2;4;1170932;989690;181242;177.092449188232;0;177.092449188232
26;5;5;5;30;"OPTIMAL";2;2;2;1634585;1347000;287585;546.795658111572;0;546.795658111572
27;5;5;5;30;"OPTIMAL";1;1;2;625706;468230;157476;35.4468784332275;0;35.4468784332275
28;5;5;5;30;"OPTIMAL";5;3;4;5149208;4226670;922538;891.188770294189;0;891.188770294189
29;5;5;5;30;"OPTIMAL";5;2;5;5056098;4111120;944978;514.784160614014;0;514.784160614014
30;5;5;5;30;"OPTIMAL";2;2;2;763287;657500;105787;19.832218170166;0;19.832218170166
31;5;5;5;30;"OPTIMAL";1;1;2;390054;285440;104614;15.3248081207275;0;15.3248081207275
32;5;5;5;30;"INFEASIBLE";3;3;4;3619223;2830850;788373;5.27228546142578;2.23883247375488;7.51111793518066
33;5;5;5;30;"OPTIMAL";2;2;2;1823637;1041700;781937;200.673473358154;0;200.673473358154
34;5;5;5;30;"OPTIMAL";3;0;2;2669626;1834040;835586;71.3258495330811;0;71.3258495330811
35;5;5;5;30;"OPTIMAL";3;0;4;3481348;2348950;1132398;67.7173519134521;0;67.7173519134521
36;5;5;5;30;"OPTIMAL";2;1;3;2586367;1570750;1015617;55.0566158294678;0;55.0566158294678
37;5;5;5;30;"INFEASIBLE";2;0;5;3087111;1922540;1164571;52.4198150634766;18.85719871521;71.2770137786865
38;5;5;5;30;"OPTIMAL";2;1;0;763389;668100;95289;10.9095268249512;0;10.9095268249512
39;5;5;5;30;"INFEASIBLE";5;3;5;5340987;4544350;796637;301.63184928894;9.15456199645996;310.7864112854
40;5;5;5;30;"OPTIMAL";3;0;2;1112196;1012450;99746;60.3090515136719;0;60.3090515136719
41;5;5;5;30;"OPTIMAL";1;2;2;549337;448160;101177;20.4736728668213;0;20.4736728668213
42;5;5;5;30;"OPTIMAL";4;1;3;2969999;2795990;174009;34.1777629852295;0;34.1777629852295
43;5;5;5;30;"OPTIMAL";3;0;1;1284923;904290;380633;30.9089584350586;0;30.9089584350586
44;5;5;5;30;"OPTIMAL";2;0;0;505747;420000;85747;4.0087776184082;0;4.0087776184082
45;5;5;5;30;"OPTIMAL";2;0;2;889104;727400;161704;25.5201835632324;0;25.5201835632324
46;5;5;5;30;"OPTIMAL";2;1;3;1765050;1583720;181330;41.2064437866211;0;41.2064437866211
47;5;5;5;30;"OPTIMAL";3;1;0;1087294;901500;185794;38.8428020477295;0;38.8428020477295
48;5;5;5;30;"OPTIMAL";2;2;1;1653643;1479530;174113;108.501762390137;0;108.501762390137
49;5;5;5;30;"OPTIMAL";2;0;2;718059;603780;114279;17.5193748474121;0;17.5193748474121
50;5;5;5;30;"INFEASIBLE";3;1;5;2868911;2662040;206871;20.5611610412598;7.75059127807617;28.3117523193359
51;5;5;5;30;"OPTIMAL";2;1;2;658948;559240;99708;10.1924343109131;0;10.1924343109131
52;5;5;5;30;"INFEASIBLE";4;3;4;4395226;3458400;936826;2.63069725036621;25.8741092681885;28.5048065185547
53;5;5;5;30;"OPTIMAL";1;1;1;376236;269150;107086;7.42841148376465;0;7.42841148376465
54;5;5;5;30;"OPTIMAL";2;0;4;1292928;1127030;165898;94.782320022583;0;94.782320022583
55;5;5;5;30;"INFEASIBLE";3;0;5;3342758;2530960;811798;3.90461921691895;14.8493061065674;18.7539253234863
56;5;5;5;30;"OPTIMAL";4;2;1;2548985;1936680;612305;210.190225601196;0;210.190225601196
57;5;5;5;30;"OPTIMAL";3;1;2;3532841;2624910;907931;104.533250808716;0;104.533250808716
58;5;5;5;30;"OPTIMAL";2;2;2;1136794;706030;430764;4.55232810974121;0;4.55232810974121
59;5;5;5;30;"INFEASIBLE";0;4;5;553111;406180;146931;1.36196136474609;1.04473876953125;2.40670013427734
60;5;5;5;30;"OPTIMAL";3;1;3;2291670;1949560;342110;368.695154190063;0;368.695154190063
61;5;5;5;30;"OPTIMAL";2;1;1;931052;741710;189342;174.811412811279;0;174.811412811279
62;5;5;5;30;"OPTIMAL";2;1;3;1500994;1219350;281644;79.4178886413574;0;79.4178886413574
63;5;5;5;30;"OPTIMAL";2;0;1;277970;235830;42140;1.46664619445801;0;1.46664619445801
64;5;5;5;30;"OPTIMAL";2;1;2;1966424;1115520;850904;214.927879333496;0;214.927879333496
65;5;5;5;30;"OPTIMAL";2;1;3;893620;757350;136270;79.7155303955078;0;79.7155303955078
66;5;5;5;30;"OPTIMAL";2;2;3;975892;803910;171982;263.341470718384;0;263.341470718384
67;5;5;5;30;"INFEASIBLE";2;3;3;2058101.9999998;1872599.9999998;185502;22.2730121612549;4.16519355773926;26.4382057189941
68;5;5;5;30;"INFEASIBLE";4;1;4;4298566;3504900;793666;53.0551490783691;16.1045303344727;69.1596794128418
69;5;5;5;30;"OPTIMAL";2;1;3;1351621;1151460;200161;149.551824569702;0;149.551824569702
70;5;5;5;30;"OPTIMAL";1;1;4;1322933;963210;359723;28.0087032318115;0;28.0087032318115
71;5;5;5;30;"INFEASIBLE";0;1;3;341199;200660;140539;1.32597541809082;1.19979476928711;2.52577018737793
72;5;5;5;30;"OPTIMAL";1;2;3;636791;496700;140091;202.188751220703;0;202.188751220703
73;5;5;5;30;"OPTIMAL";4;3;4;4137442;3228870;908572;88.853479385376;0;88.853479385376
74;5;5;5;30;"OPTIMAL";2;2;2;1936021;1598010;338011;43.9980964660645;0;43.9980964660645
75;5;5;5;30;"INFEASIBLE";3;1;5;3328051;2333980;994071;46.3066844940186;8.42186164855957;54.7285461425781
76;5;5;5;30;"OPTIMAL";2;1;1;519954;424480;95474;13.6527366638184;0;13.6527366638184
77;5;5;5;30;"INFEASIBLE";5;2;5;5039253;4143900;895353;1.30171585083008;33.2040119171143;34.5057277679443
78;5;5;5;30;"OPTIMAL";1;2;2;465324;347090;118234;69.4993495941162;0;69.4993495941162
79;5;5;5;30;"OPTIMAL";4;2;3;4583417;3638380;945037;74.519006729126;0;74.519006729126
80;5;5;5;30;"OPTIMAL";2;2;2;2395764;1471350;924414;163.187128067017;0;163.187128067017
81;5;5;5;30;"OPTIMAL";3;0;3;2569282;2383330;185952;28.7802047729492;0;28.7802047729492
82;5;5;5;30;"OPTIMAL";2;1;1;1026316;598010;428306;19.8124198913574;0;19.8124198913574
83;5;5;5;30;"OPTIMAL";2;2;0;428735;376250;52485;3.38300132751465;0;3.38300132751465
84;5;5;5;30;"OPTIMAL";2;2;1;768397;672400;95997;139.495672225952;0;139.495672225952
85;5;5;5;30;"OPTIMAL";3;0;2;1376543;1014810;361733;7.94425010681152;0;7.94425010681152
86;5;5;5;30;"OPTIMAL";1;2;3;1212510;1015990;196520;255.270900726318;0;255.270900726318
87;5;5;5;30;"INFEASIBLE";3;3;4;3590043;2894490;695553;17.5287590026855;11.0155239105225;28.544282913208
88;5;5;5;30;"INFEASIBLE";4;2;5;4447335;3661800;785535;3.42873764038086;6.8923454284668;10.3210830688477
89;5;5;5;30;"INFEASIBLE";2;1;5;2478873;2071200;407673;122.794504165649;5.667724609375;128.462228775024
90;5;5;5;30;"OPTIMAL";2;2;3;1143978;980830;163148;106.773193359375;0;106.773193359375
91;5;5;5;30;"OPTIMAL";3;0;4;2821329;1780500;1040829;32.4702205657959;0;32.4702205657959
92;5;5;5;30;"INFEASIBLE";3;2;5;3487196;2702350;784846;27.419885635376;7.7188549041748;35.1387405395508
93;5;5;5;30;"OPTIMAL";1;2;3;616180;459300;156880;165.489761352539;0;165.489761352539
94;5;5;5;30;"OPTIMAL";3;1;1;1334892;1228630;106262;16.3766994476318;0;16.3766994476318
95;5;5;5;30;"OPTIMAL";3;0;2;1490096;1363360;126736;23.3792419433594;0;23.3792419433594
96;5;5;5;30;"OPTIMAL";2;1;1;557941;494170;63771;11.670711517334;0;11.670711517334
97;5;5;5;30;"OPTIMAL";2;2;3;1764448;1582270;182178;146.231412887573;0;146.231412887573
98;5;5;5;30;"OPTIMAL";3;1;3;2524904;2088620;436284;436.913129806519;0;436.913129806519
99;5;5;5;30;"OPTIMAL";3;1;2;2032352;1849230;183122;50.5011501312256;0;50.5011501312256
100;5;5;5;30;"OPTIMAL";1;3;2;638241;465980;172261;243.078052520752;0;243.078052520752
1;5;5;5;40;"OPTIMAL";1;1;2;589494;447270;142224;87.0825595855713;0;87.0825595855713
2;5;5;5;40;"OPTIMAL";3;1;3;5008518;3614800;1393718;1790.67144775391;0;1790.67144775391
3;5;5;5;40;"OPTIMAL";2;1;2;2288562;1852430;436132;1379.68533706665;0;1379.68533706665
4;5;5;5;40;"OPTIMAL";2;2;2;1614430;1424820;189610;1042.09358596802;0;1042.09358596802
5;5;5;5;40;"INFEASIBLE";3;4;5;4980677;3852000;1128677;60.5573234558105;30.9715194702148;91.5288429260254
6;5;5;5;40;"OPTIMAL";2;3;2;1449043;1270090;178953;3082.99484062195;0;3082.99484062195
7;5;5;5;40;"OPTIMAL";2;1;4;2524010;2280350;243660;718.138940811157;0;718.138940811157
8;5;5;5;40;"INFEASIBLE";5;2;5;7182711;5970750;1211961;114.077577590942;41.2613086700439;155.338886260986
9;5;5;5;40;"INFEASIBLE";2;4;5;3254924;2956350;298574;1502.16490745544;103.660203933716;1605.82511138916
10;5;5;5;40;"OPTIMAL";2;1;1;645483;558070;87413;105.844507217407;0;105.844507217407
11;5;5;5;40;"OPTIMAL";4;2;4;5683096;4451950;1231146;2600.67577362061;0;2600.67577362061
12;5;5;5;40;"OPTIMAL";3;2;3;3530835;2486770;1044065;607.111637115479;0;607.111637115479
13;5;5;5;40;"INFEASIBLE";4;1;5;5969420;4634590;1334830;911.654024124146;282.69288444519;1194.34690856934
14;5;5;5;40;"OPTIMAL";1;1;1;580101;403310;176791;34.7316017150879;0;34.7316017150879
15;5;5;5;40;"OPTIMAL";4;2;4;4764585;3629190;1135395;1291.01636695862;0;1291.01636695862
16;5;5;5;40;"OPTIMAL";2;1;3;1771037;1519390;251647;115.382160186768;0;115.382160186768
17;5;5;5;40;"OPTIMAL";2;2;4;3953672;2523650;1430022;1094.64919471741;0;1094.64919471741
18;5;5;5;40;"INFEASIBLE";4;4;4;6009888;4956300;1053588;56.1526508331299;340.156667709351;396.30931854248
19;5;5;5;40;"OPTIMAL";2;1;2;2525172;1599920;925252;365.531969070435;0;365.531969070435
20;5;5;5;40;"INFEASIBLE";3;3;4;4665732;3564060;1101672;70.748987197876;43.3825817108154;114.131568908691
21;5;5;5;40;"INFEASIBLE";4;2;5;6459078;5125570;1333508;517.048427581787;502.294351577759;1019.34277915955
22;5;5;5;40;"OPTIMAL";2;0;2;876248;759820;116428;183.956716537476;0;183.956716537476
23;5;5;5;40;"OPTIMAL";2;1;1;900723;730360;170363;56.8740863800049;0;56.8740863800049
24;5;5;5;40;"INFEASIBLE";4;2;5;6462051;5056610;1405441;194.52294921875;580.051050186157;774.573999404907
25;5;5;5;40;"OPTIMAL";3;3;2;2721982;2024720;697262;539.019620895386;0;539.019620895386
26;5;5;5;40;"OPTIMAL";1;0;2;781146;549880;231266;49.0159454345703;0;49.0159454345703
27;5;5;5;40;"OPTIMAL";1;1;2;400243;321760;78483;3.79966926574707;0;3.79966926574707
28;5;5;5;40;"INFEASIBLE";4;3;5;6579788;5408000;1171788;52.174222946167;154.695667266846;206.869890213013
29;5;5;5;40;"OPTIMAL";1;2;3;1334098;1083110;250988;172.406812667847;0;172.406812667847
30;5;5;5;40;"OPTIMAL";3;1;3;2818556;2545270;273286;814.43710899353;0;814.43710899353
31;5;5;5;40;"INFEASIBLE";4;4;5;6218740;4906070;1312670;6.03221130371094;58.8851432800293;64.9173545837402
32;5;5;5;40;"OPTIMAL";2;1;3;1632050;1408670;223380;803.5494556427;0;803.5494556427
33;5;5;5;40;"INFEASIBLE";2;1;4;3942537;2586700;1355837;99.6770992279053;46.8453693389893;146.522468566895
34;5;5;5;40;"INFEASIBLE";4;2;5;6042388;4762590;1279798;64.5740585327148;44.7959728240967;109.370031356812
35;5;5;5;40;"OPTIMAL";2;1;1;216352;194320;22032;2.3161563873291;0;2.3161563873291
36;5;5;5;40;"OPTIMAL";2;2;2;689420;545970;143450;71.7573528289795;0;71.7573528289795
37;5;5;5;40;"OPTIMAL";1;3;1;780514;605470;175044;55.8679161071777;0;55.8679161071777
38;5;5;5;40;"OPTIMAL";3;2;2;1532924;1116340;416584;17.3195190429688;0;17.3195190429688
39;5;5;5;40;"INFEASIBLE";2;3;4;3639909;2779120;860789;61.2485427856445;24.7289905548096;85.9775333404541
40;5;5;5;40;"OPTIMAL";3;2;0;499289;421550;77739;4.01680564880371;0;4.01680564880371
41;5;5;5;40;"OPTIMAL";2;2;2;2068150;1889330;178820;428.924083709717;0;428.924083709717
42;5;5;5;40;"OPTIMAL";2;1;0;1799263;1534350;264913;1517.83130455017;0;1517.83130455017
43;5;5;5;40;"INFEASIBLE";5;2;3;7433770;6322800;1110970;875.162342071533;48.4560127258301;923.618354797363
44;5;5;5;40;"OPTIMAL";2;2;2;1465289;1297050;168239;211.571218490601;0;211.571218490601
45;5;5;5;40;"OPTIMAL";3;0;1;4358408;3119140;1239268;1121.15316772461;0;1121.15316772461
46;5;5;5;40;"INFEASIBLE";3;3;5;4739699;3379870;1359829;653.778017044067;47.8929290771484;701.670946121216
47;5;5;5;40;"INFEASIBLE";4;2;5;6743898;5384600;1359298;2475.31983566284;148.140998840332;2623.46083450317
48;5;5;5;40;"OPTIMAL";3;2;3;4854446;3452960;1401486;2157.37942886353;0;2157.37942886353
49;5;5;5;40;"INFEASIBLE";4;5;4;6314103;5050900;1263203;6.90335083007812;168.137706756592;175.04105758667
50;5;5;5;40;"OPTIMAL";3;3;1;3551813;2582460;969353;660.986518859863;0;660.986518859863
51;5;5;5;40;"OPTIMAL";3;0;0;532804;444000;88804;3.06823921203613;0;3.06823921203613
52;5;5;5;40;"INFEASIBLE";2;2;5;3951293;2884760;1066533;161.446632385254;54.9735050201416;216.420137405396
53;5;5;5;40;"OPTIMAL";2;1;2;1671968;1495660;176308;1459.25028038025;0;1459.25028038025
54;5;5;5;40;"OPTIMAL";2;2;2;2911103;1791160;1119943;273.24536895752;0;273.24536895752
55;5;5;5;40;"OPTIMAL";1;1;1;453430;307280;146150;20.5089149475098;0;20.5089149475098
56;5;5;5;40;"OPTIMAL";1;0;3;512507;393880;118627;66.0780963897705;0;66.0780963897705
57;5;5;5;40;"OPTIMAL";1;0;1;427037;295280;131757;13.3244342803955;0;13.3244342803955
58;5;5;5;40;"OPTIMAL";1;1;2;1897416;873180;1024236;113.856407165527;0;113.856407165527
59;5;5;5;40;"INFEASIBLE";4;2;4;5771084;4487590;1283494;653.128482818604;86.3204936981201;739.448976516724
60;5;5;5;40;"OPTIMAL";2;0;2;2177034;1190290;986744;114.63500213623;0;114.63500213623
61;5;5;5;40;"INFEASIBLE";3;2;4;4993922;3783130;1210792;68.9223079681396;226.380069732666;295.302377700806
62;5;5;5;40;"OPTIMAL";3;0;1;751952;618060;133892;5.48628616333008;0;5.48628616333008
63;5;5;5;40;"INFEASIBLE";4;2;5;6128146;4983000;1145146;110.971755981445;379.33111000061;490.302865982056
64;5;5;5;40;"OPTIMAL";2;0;2;280606;241260;39346;3.90004730224609;0;3.90004730224609
65;5;5;5;40;"OPTIMAL";2;2;2;982901;848720;134181;645.909666061401;0;645.909666061401
66;5;5;5;40;"OPTIMAL";4;2;3;4075036;3165210;909826;2779.43892860413;0;2779.43892860413
67;5;5;5;40;"OPTIMAL";2;2;2;2163143;1839690;323453;207.285844802856;0;207.285844802856
68;5;5;5;40;"OPTIMAL";1;0;2;458636;344580;114056;44.2045097351074;0;44.2045097351074
69;5;5;5;40;"OPTIMAL";2;2;4;1357312;1178810;178502;1412.10234451294;0;1412.10234451294
70;5;5;5;40;"OPTIMAL";1;3;2;1818669;900120;918549;400.649524688721;0;400.649524688721
71;5;5;5;40;"OPTIMAL";2;1;3;2569142;1625790;943352;68.9063529968262;0;68.9063529968262
72;5;5;5;40;"OPTIMAL";2;0;1;747909;576080;171829;17.7213268280029;0;17.7213268280029
73;5;5;5;40;"OPTIMAL";1;3;4;1736978;1373200;363778;1540.19145393372;0;1540.19145393372
74;5;5;5;40;"OPTIMAL";2;1;2;892868;777260;115608;81.6683387756348;0;81.6683387756348
75;5;5;5;40;"OPTIMAL";3;1;1;2989973;2118530;871443;513.853567123413;0;513.853567123413
76;5;5;5;40;"OPTIMAL";2;2;1;2741880;1745060;996820;256.939050674438;0;256.939050674438
77;5;5;5;40;"OPTIMAL";2;3;3;3373783;2233460;1140323;2140.62541770935;0;2140.62541770935
78;5;5;5;40;"OPTIMAL";2;1;2;1518798;915750;603048;111.937448501587;0;111.937448501587
79;5;5;5;40;"OPTIMAL";1;3;3;1532445;1101080;431365;511.509860992432;0;511.509860992432
80;5;5;5;40;"OPTIMAL";2;0;4;2278163;2081920;196243;401.88219833374;0;401.88219833374
81;5;5;5;40;"INFEASIBLE";4;3;5;6053233;4868760;1184473;50.7793788909912;78.4040718078613;129.183450698853
82;5;5;5;40;"INFEASIBLE";3;3;4;5248479;3986400;1262079;111.127046585083;26.3500518798828;137.477098464966
83;5;5;5;40;"OPTIMAL";3;1;2;1403417;1257400;146017;1504.0521812439;0;1504.0521812439
84;5;5;5;40;"INFEASIBLE";4;2;5;6130698;4994700;1135998;57.8969688415527;55.0353851318359;112.932353973389
85;5;5;5;40;"OPTIMAL";2;2;1;921496;767360;154136;447.898014068604;0;447.898014068604
86;5;5;5;40;"INFEASIBLE";3;3;5;5140920;3804900;1336020;722.518388748169;119.998670578003;842.517059326172
87;5;5;5;40;"OPTIMAL";3;1;3;5030748;3550040;1480708;2672.99480819702;0;2672.99480819702
88;5;5;5;40;"OPTIMAL";2;1;4;2282285;1787130;495155;977.275249481201;0;977.275249481201
89;5;5;5;40;"OPTIMAL";2;2;2;1871785;1665970;205815;1012.63591194153;0;1012.63591194153
90;5;5;5;40;"OPTIMAL";3;1;2;2587731;2388370;199361;856.790216445923;0;856.790216445923
91;5;5;5;40;"OPTIMAL";3;3;3;2635216;1901180;734036;667.35337638855;0;667.35337638855
92;5;5;5;40;"OPTIMAL";2;3;3;1078251;667640;410611;50.0787143707275;0;50.0787143707275
93;5;5;5;40;"OPTIMAL";2;1;4;2585026;1758900;826126;253.456560134888;0;253.456560134888
94;5;5;5;40;"OPTIMAL";2;0;3;1572528;1258790;313738;2307.62104415894;0;2307.62104415894
95;5;5;5;40;"OPTIMAL";2;2;2;993554;683580;309974;61.9552955627441;0;61.9552955627441
96;5;5;5;40;"OPTIMAL";2;2;3;2230801;1844860;385941;273.18009185791;0;273.18009185791
97;5;5;5;40;"OPTIMAL";2;1;3;1138964;981500;157464;89.1135311126709;0;89.1135311126709
98;5;5;5;40;"OPTIMAL";2;1;2;1609238;970220;639018;56.4962577819824;0;56.4962577819824
99;5;5;5;40;"OPTIMAL";2;0;3;1617023;1453820;163203;264.498498916626;0;264.498498916626
100;5;5;5;40;"INFEASIBLE";3;1;5;4840368;3878870;961498;170.738697052002;441.249105453491;611.987802505493
1;5;5;5;10;"OPTIMAL";2;0;2;558266;458520;99746;1.90707015991211;0;1.90707015991211
2;5;5;5;10;"OPTIMAL";3;2;2;1275557;965330;310227;2.0023250579834;0;2.0023250579834
3;5;5;5;10;"OPTIMAL";3;0;1;880024;632460;247564;1.17208862304688;0;1.17208862304688
4;5;5;5;10;"OPTIMAL";3;0;0;637510;547200;90310;1.18767929077148;0;1.18767929077148
5;5;5;5;10;"OPTIMAL";4;0;1;1245254;972670;272584;0.96306037902832;0;0.96306037902832
6;5;5;5;10;"INFEASIBLE";0;1;2;91899;51890;40009;0.227605819702148;0.434654235839844;0.662260055541992
7;5;5;5;10;"OPTIMAL";5;0;0;794872;712800;82072;1.22024536132812;0;1.22024536132812
8;5;5;5;10;"OPTIMAL";5;0;4;1684815;1413290;271525;1.60927963256836;0;1.60927963256836
9;5;5;5;10;"OPTIMAL";4;0;0;629852;588000;41852;0.319852828979492;0;0.319852828979492
10;5;5;5;10;"OPTIMAL";5;2;1;1663956;1399280;264676;2.29461669921875;0;2.29461669921875
11;5;5;5;10;"INFEASIBLE";6;3;5;2251928;1962000;289928;0.0551471710205078;0.258687973022461;0.313835144042969
12;5;5;5;10;"OPTIMAL";5;1;1;1131820;1059650;72170;0.915445327758789;0;0.915445327758789
13;5;5;5;10;"INFEASIBLE";0;1;2;119507;47580;71927;0.233119964599609;0.18098258972168;0.414102554321289
14;5;5;5;10;"INFEASIBLE";4;2;2;1503069;1021400;481669;0.243146896362305;0.462732315063477;0.705879211425781
15;5;5;5;10;"OPTIMAL";3;0;1;715068;615660;99408;1.34006118774414;0;1.34006118774414
16;5;5;5;10;"INFEASIBLE";3;2;3;1256081;989100;266981;0.0822181701660156;0.291275024414062;0.373493194580078
17;5;5;5;10;"OPTIMAL";3;2;2;680052;566430;113622;1.46689796447754;0;1.46689796447754
18;5;5;5;10;"OPTIMAL";3;1;2;1258196;934520;323676;2.89168930053711;0;2.89168930053711
19;5;5;5;10;"OPTIMAL";4;0;2;837746;735700;102046;1.10229682922363;0;1.10229682922363
20;5;5;5;10;"INFEASIBLE";0;2;3;146810;79560;67250;0.236631393432617;0.213066101074219;0.449697494506836
21;5;5;5;10;"INFEASIBLE";4;3;4;1630883;1144980;485903;0.385021209716797;0.23261833190918;0.617639541625977
22;5;5;5;10;"OPTIMAL";4;0;2;1109943;871280;238663;0.402067184448242;0;0.402067184448242
23;5;5;5;10;"OPTIMAL";3;2;1;925787;622770;303017;2.62397956848145;0;2.62397956848145
24;5;5;5;10;"INFEASIBLE";0;0;4;564836;68780;496056;0.22509765625;0.15240478515625;0.37750244140625
25;5;5;5;10;"INFEASIBLE";0;1;3;75921;56630;19291;0.21858024597168;0.15240478515625;0.37098503112793
26;5;5;5;10;"INFEASIBLE";9;2;4;3019042;2764100;254942;0.268688201904297;0.275230407714844;0.543918609619141
27;5;5;5;10;"OPTIMAL";4;0;0;646862;6e+05;46862;0.439666748046875;0;0.439666748046875
28;5;5;5;10;"OPTIMAL";4;0;1;813642;729050;84592;1.04778480529785;0;1.04778480529785
29;5;5;5;10;"OPTIMAL";3;1;1;1163901;827680;336221;0.966070175170898;0;0.966070175170898
30;5;5;5;10;"INFEASIBLE";0;1;3;119558;69300;50258;0.235307693481445;0.174463272094727;0.409770965576172
31;5;5;5;10;"INFEASIBLE";0;1;3;141025;67490;73535;0.263198852539062;0.197021484375;0.460220336914062
32;5;5;5;10;"OPTIMAL";6;0;0;1163728;1065600;98128;1.62432098388672;0;1.62432098388672
33;5;5;5;10;"OPTIMAL";4;1;2;815092;728800;86292;0.747987747192383;0;0.747987747192383
34;5;5;5;10;"OPTIMAL";6;2;3;2125721;1838940;286781;2.22491645812988;0;2.22491645812988
35;5;5;5;10;"OPTIMAL";3;2;3;726674;651530;75144;1.53457832336426;0;1.53457832336426
36;5;5;5;10;"OPTIMAL";4;0;2;514464;469260;45204;0.496318817138672;0;0.496318817138672
37;5;5;5;10;"OPTIMAL";2;2;2;477443;308280;169163;3.32634544372559;0;3.32634544372559
38;5;5;5;10;"INFEASIBLE";0;3;3;155759;84820;70939;0.253171920776367;0.183990478515625;0.437162399291992
39;5;5;5;10;"OPTIMAL";1;2;2;743190;368580;374610;1.73061180114746;0;1.73061180114746
40;5;5;5;10;"INFEASIBLE";6;1;5;2117146;1819100;298046;0.222089767456055;0.220584869384766;0.44267463684082
41;5;5;5;10;"OPTIMAL";4;1;2;795103;684450;110653;0.620147705078125;0;0.620147705078125
42;5;5;5;10;"OPTIMAL";4;2;1;1091285;807960;283325;1.38117218017578;0;1.38117218017578
43;5;5;5;10;"OPTIMAL";3;2;2;926903;642090;284813;1.15005493164062;0;1.15005493164062
44;5;5;5;10;"OPTIMAL";3;1;2;1146439;840160;306279;1.48795318603516;0;1.48795318603516
45;5;5;5;10;"INFEASIBLE";8;2;4;2593765;2305800;287965;0.223592758178711;0.253673553466797;0.477266311645508
46;5;5;5;10;"INFEASIBLE";9;4;4;3123241;2849400;273841;0.215070724487305;0.293781280517578;0.508852005004883
47;5;5;5;10;"INFEASIBLE";7;3;4;2484510;2256590;227920;0.412595748901367;0.276233673095703;0.68882942199707
48;5;5;5;10;"INFEASIBLE";0;2;1;541433;50600;490833;0.236127853393555;0.319849014282227;0.555976867675781
49;5;5;5;10;"INFEASIBLE";0;4;0;101067;64000;37067;0.281248092651367;0.184989929199219;0.466238021850586
50;5;5;5;10;"INFEASIBLE";0;2;5;148931;104260;44671;0.261192321777344;0.207551956176758;0.468744277954102
51;5;5;5;10;"INFEASIBLE";6;2;3;2076745;1783600;293145;0.25969123840332;0.319850921630859;0.57954216003418
52;5;5;5;10;"OPTIMAL";4;0;0;826794;734400;92394;0.721920013427734;0;0.721920013427734
53;5;5;5;10;"OPTIMAL";4;1;1;866862;673520;193342;0.846246719360352;0;0.846246719360352
54;5;5;5;10;"OPTIMAL";4;0;3;1006911;898940;107971;0.416608810424805;0;0.416608810424805
55;5;5;5;10;"OPTIMAL";2;2;3;297103;260670;36433;0.294197082519531;0;0.294197082519531
56;5;5;5;10;"INFEASIBLE";9;1;5;3046522;2734090;312432;0.24565315246582;0.290773391723633;0.536426544189453
57;5;5;5;10;"INFEASIBLE";0;1;5;146105;87400;58705;0.25568962097168;0.265707015991211;0.521396636962891
58;5;5;5;10;"OPTIMAL";2;2;2;694392;442320;252072;1.28892707824707;0;1.28892707824707
59;5;5;5;10;"INFEASIBLE";0;2;4;121351;93090;28261;0.239713668823242;0.205043792724609;0.444757461547852
60;5;5;5;10;"OPTIMAL";2;1;2;734595;602560;132035;0.854770660400391;0;0.854770660400391
61;5;5;5;10;"OPTIMAL";4;0;2;1266405;1087360;179045;2.34523773193359;0;2.34523773193359
62;5;5;5;10;"OPTIMAL";4;0;1;726102;574230;151872;0.906410217285156;0;0.906410217285156
63;5;5;5;10;"OPTIMAL";2;0;1;927800;554480;373320;1.81983757019043;0;1.81983757019043
64;5;5;5;10;"INFEASIBLE";0;1;4;148306;76540;71766;0.238632202148438;0.226100921630859;0.464733123779297
65;5;5;5;10;"OPTIMAL";5;1;1;1001757;925000;76757;0.493812561035156;0;0.493812561035156
66;5;5;5;10;"OPTIMAL";3;2;2;770908;552750;218158;0.38752555847168;0;0.38752555847168
67;5;5;5;10;"OPTIMAL";4;0;2;1435091;1087360;347731;1.60226058959961;0;1.60226058959961
68;5;5;5;10;"INFEASIBLE";0;2;3;581708;84300;497408;0.233119964599609;0.212564468383789;0.445684432983398
69;5;5;5;10;"OPTIMAL";4;0;0;695683;540000;155683;0.458721160888672;0;0.458721160888672
70;5;5;5;10;"OPTIMAL";3;1;4;1065417;890910;174507;4.50096893310547;0;4.50096893310547
71;5;5;5;10;"OPTIMAL";4;2;1;1147349;887160;260189;0.870813369750977;0;0.870813369750977
72;5;5;5;10;"OPTIMAL";2;2;1;597752;496220;101532;1.24578475952148;0;1.24578475952148
73;5;5;5;10;"OPTIMAL";4;0;2;819867;752500;67367;0.430698394775391;0;0.430698394775391
74;5;5;5;10;"OPTIMAL";2;1;3;899160;597440;301720;1.87749481201172;0;1.87749481201172
75;5;5;5;10;"INFEASIBLE";0;1;2;132580;53700;78880;0.219583511352539;0.168447494506836;0.388031005859375
76;5;5;5;10;"OPTIMAL";5;0;1;1205767;1069260;136507;1.29143524169922;0;1.29143524169922
77;5;5;5;10;"OPTIMAL";4;2;2;1495770;1198230;297540;2.37130737304688;0;2.37130737304688
78;5;5;5;10;"OPTIMAL";5;1;2;1151819;1076180;75639;1.63785362243652;0;1.63785362243652
79;5;5;5;10;"INFEASIBLE";6;2;4;2088393;1838190;250203;0.22459602355957;0.312831878662109;0.53742790222168
80;5;5;5;10;"INFEASIBLE";0;1;2;543716;53700;490016;0.283252716064453;0.176469802856445;0.459722518920898
81;5;5;5;10;"OPTIMAL";3;1;3;811061;574610;236451;0.871316909790039;0;0.871316909790039
82;5;5;5;10;"OPTIMAL";3;0;2;661089;470480;190609;0.381013870239258;0;0.381013870239258
83;5;5;5;10;"OPTIMAL";4;1;1;937161;837320;99841;0.608114242553711;0;0.608114242553711
84;5;5;5;10;"INFEASIBLE";0;2;2;128064;66890;61174;0.238132476806641;0.156917572021484;0.395050048828125
85;5;5;5;10;"INFEASIBLE";0;2;4;147185;104900;42285;0.280242919921875;0.21858024597168;0.498823165893555
86;5;5;5;10;"OPTIMAL";3;1;0;764286;535800;228486;0.816169738769531;0;0.816169738769531
87;5;5;5;10;"OPTIMAL";2;3;1;679977;604580;75397;1.9642219543457;0;1.9642219543457
88;5;5;5;10;"INFEASIBLE";10;4;5;3385320;3095400;289920;0.237632751464844;0.469245910644531;0.706878662109375
89;5;5;5;10;"OPTIMAL";4;0;0;795488;705600;89888;0.485288619995117;0;0.485288619995117
90;5;5;5;10;"OPTIMAL";5;0;0;1021656;907200;114456;1.00717735290527;0;1.00717735290527
91;5;5;5;10;"INFEASIBLE";0;0;4;101872;72400;29472;0.187995910644531;0.179477691650391;0.367473602294922
92;5;5;5;10;"OPTIMAL";5;1;1;1470452;1176370;294082;1.33856010437012;0;1.33856010437012
93;5;5;5;10;"INFEASIBLE";7;0;4;2449696;2136400;313296;0.225099563598633;0.256181716918945;0.481281280517578
94;5;5;5;10;"INFEASIBLE";0;1;2;82651;45770;36881;0.276233673095703;0.383012771606445;0.659246444702148
95;5;5;5;10;"OPTIMAL";3;2;1;825202;745820;79382;4.37212562561035;0;4.37212562561035
96;5;5;5;10;"OPTIMAL";2;1;3;447839;392280;55559;0.370481491088867;0;0.370481491088867
97;5;5;5;10;"OPTIMAL";4;1;0;1569067;1210500;358567;2.35577201843262;0;2.35577201843262
98;5;5;5;10;"OPTIMAL";8;3;2;2680115;2395980;284135;2.60255432128906;0;2.60255432128906
99;5;5;5;10;"OPTIMAL";2;2;2;682986;543730;139256;1.66843605041504;0;1.66843605041504
100;5;5;5;10;"INFEASIBLE";0;3;2;578485;84390;494095;0.248161315917969;0.210056304931641;0.458217620849609
1;5;5;5;20;"OPTIMAL";3;1;0;801410;720900;80510;6.31880378723145;0;6.31880378723145
2;5;5;5;20;"OPTIMAL";4;0;0;1249566;996000;253566;1.60777473449707;0;1.60777473449707
3;5;5;5;20;"OPTIMAL";3;0;2;633391;566520;66871;1.43431282043457;0;1.43431282043457
4;5;5;5;20;"OPTIMAL";3;2;3;1499796;1070180;429616;14.4880275726318;0;14.4880275726318
5;5;5;5;20;"INFEASIBLE";0;1;4;235111;136790;98321;0.887872695922852;1.28441429138184;2.17228698730469
6;5;5;5;20;"OPTIMAL";3;1;0;986636;901500;85136;11.3043823242188;0;11.3043823242188
7;5;5;5;20;"INFEASIBLE";5;4;4;3938405;3234750;703655;76.6438293457031;15.428394317627;92.0722236633301
8;5;5;5;20;"OPTIMAL";5;0;0;934967;820800;114167;4.49144554138184;0;4.49144554138184
9;5;5;5;20;"OPTIMAL";2;1;1;534628;467370;67258;5.27903938293457;0;5.27903938293457
10;5;5;5;20;"OPTIMAL";4;1;1;1237086;860190;376896;8.09201812744141;0;8.09201812744141
11;5;5;5;20;"INFEASIBLE";9;2;5;5255622;4688990;566632;1.01419639587402;18.4162845611572;19.4304809570312
12;5;5;5;20;"OPTIMAL";5;2;3;2162949;2036910;126039;77.0617256164551;0;77.0617256164551
13;5;5;5;20;"OPTIMAL";3;1;0;845701;577500;268201;1.71026420593262;0;1.71026420593262
14;5;5;5;20;"INFEASIBLE";0;3;4;267381;183290;84091;0.956058502197266;1.03224754333496;1.98830604553223
15;5;5;5;20;"OPTIMAL";3;0;4;1012258;869670;142588;4.38215446472168;0;4.38215446472168
16;5;5;5;20;"OPTIMAL";3;0;1;1205974;835280;370694;5.29708480834961;0;5.29708480834961
17;5;5;5;20;"OPTIMAL";3;0;0;954686;820800;133886;3.90087127685547;0;3.90087127685547
18;5;5;5;20;"OPTIMAL";7;2;3;4665968;4019910;646058;29.8062648773193;0;29.8062648773193
19;5;5;5;20;"OPTIMAL";4;1;1;1070956;998760;72196;18.7894763946533;0;18.7894763946533
20;5;5;5;20;"INFEASIBLE";0;2;2;231819;103420;128399;0.998153686523438;0.856779098510742;1.85493278503418
21;5;5;5;20;"OPTIMAL";3;1;3;1707506;1213290;494216;16.9119720458984;0;16.9119720458984
22;5;5;5;20;"OPTIMAL";2;0;2;643846;568960;74886;9.53987121582031;0;9.53987121582031
23;5;5;5;20;"OPTIMAL";3;1;0;723664;664200;59464;5.09555244445801;0;5.09555244445801
24;5;5;5;20;"OPTIMAL";3;1;2;836784;708390;128394;6.78986549377441;0;6.78986549377441
25;5;5;5;20;"INFEASIBLE";0;2;3;253886;163170;90716;0.949024200439453;0.954551696777344;1.9035758972168
26;5;5;5;20;"OPTIMAL";3;0;0;610883;444000;166883;0.868307113647461;0;0.868307113647461
27;5;5;5;20;"OPTIMAL";3;0;1;668715;586860;81855;7.66688919067383;0;7.66688919067383
28;5;5;5;20;"OPTIMAL";4;0;1;1435335;1094480;340855;12.1964340209961;0;12.1964340209961
29;5;5;5;20;"OPTIMAL";3;0;2;913367;647530;265837;5.68612098693848;0;5.68612098693848
30;5;5;5;20;"OPTIMAL";4;0;0;1225160;892800;332360;5.54678153991699;0;5.54678153991699
31;5;5;5;20;"OPTIMAL";3;0;0;453604;403200;50404;1.51552772521973;0;1.51552772521973
32;5;5;5;20;"OPTIMAL";4;1;1;1462442;1128080;334362;11.921703338623;0;11.921703338623
33;5;5;5;20;"OPTIMAL";4;3;4;2329176;1742270;586906;204.488817214966;0;204.488817214966
34;5;5;5;20;"OPTIMAL";4;4;2;2051123;1523250;527873;25.6267833709717;0;25.6267833709717
35;5;5;5;20;"OPTIMAL";4;1;1;1676892;1300300;376592;21.6605358123779;0;21.6605358123779
36;5;5;5;20;"OPTIMAL";5;1;2;1603141;1445130;158011;11.6765518188477;0;11.6765518188477
37;5;5;5;20;"INFEASIBLE";0;1;4;230411;165320;65091;1.06783866882324;1.92010688781738;2.98794555664062
38;5;5;5;20;"INFEASIBLE";0;3;4;287769;221250;66519;1.08338165283203;1.45637321472168;2.53975486755371
39;5;5;5;20;"OPTIMAL";3;0;1;915835;835280;80555;5.89818572998047;0;5.89818572998047
40;5;5;5;20;"OPTIMAL";3;0;2;632771;579700;53071;1.62281608581543;0;1.62281608581543
41;5;5;5;20;"INFEASIBLE";6;2;4;3837337;3387400;449937;17.8695602416992;15.7751636505127;33.6447238922119
42;5;5;5;20;"OPTIMAL";3;0;0;875762;621600;254162;2.07000541687012;0;2.07000541687012
43;5;5;5;20;"INFEASIBLE";7;1;4;3745467;3157100;588367;1.01920890808105;10.004524230957;11.0237331390381
44;5;5;5;20;"OPTIMAL";3;0;1;1197415;835280;362135;2.83854866027832;0;2.83854866027832
45;5;5;5;20;"INFEASIBLE";6;1;5;3392494;2808000;584494;1.82134437561035;27.6719036102295;29.4932479858398
46;5;5;5;20;"OPTIMAL";5;1;3;2005459;1623280;382179;13.2372016906738;0;13.2372016906738
47;5;5;5;20;"INFEASIBLE";0;2;5;342199;217470;124729;0.991146087646484;1.48795700073242;2.47910308837891
48;5;5;5;20;"OPTIMAL";6;3;5;3005471;2465390;540081;70.6368999481201;0;70.6368999481201
49;5;5;5;20;"INFEASIBLE";0;2;4;277086;167740;109346;1.0969181060791;0.796117782592773;1.89303588867188
50;5;5;5;20;"OPTIMAL";1;3;2;408710;325930;82780;10.4071807861328;0;10.4071807861328
51;5;5;5;20;"OPTIMAL";3;1;0;1044286;755600;288686;6.39101219177246;0;6.39101219177246
52;5;5;5;20;"OPTIMAL";3;0;1;930153;666060;264093;8.17072677612305;0;8.17072677612305
53;5;5;5;20;"INFEASIBLE";0;4;2;267710;193340;74370;0.873321533203125;1.04226875305176;1.91559028625488
54;5;5;5;20;"INFEASIBLE";8;2;5;4010063;3881570;128493;11.3185997009277;1.81682968139648;13.1354293823242
55;5;5;5;20;"OPTIMAL";2;1;3;635139;507440;127699;1.79778099060059;0;1.79778099060059
56;5;5;5;20;"OPTIMAL";4;4;3;2041464;1890850;150614;19.6232013702393;0;19.6232013702393
57;5;5;5;20;"OPTIMAL";5;3;3;3733434;3039770;693664;27.3141422271729;0;27.3141422271729
58;5;5;5;20;"INFEASIBLE";0;3;5;360121;275140;84981;1.01871109008789;1.42228317260742;2.44099426269531
59;5;5;5;20;"OPTIMAL";3;0;2;700053;612710;87343;5.96285820007324;0;5.96285820007324
60;5;5;5;20;"OPTIMAL";1;1;4;598553;454460;144093;96.0491771697998;0;96.0491771697998
61;5;5;5;20;"OPTIMAL";3;1;2;1017788;923010;94778;36.472993850708;0;36.472993850708
62;5;5;5;20;"OPTIMAL";2;1;1;917799;545070;372729;8.75478172302246;0;8.75478172302246
63;5;5;5;20;"INFEASIBLE";0;2;3;288163;168600;119563;1.0447940826416;0.968074798583984;2.01286888122559
64;5;5;5;20;"INFEASIBLE";8;2;3;4648687;4029730;618957;34.8973159790039;25.6661987304688;60.5635147094727
65;5;5;5;20;"INFEASIBLE";0;2;5;355537;244190;111347;1.24731826782227;1.23779106140137;2.48510932922363
66;5;5;5;20;"INFEASIBLE";0;1;2;177539;102400;75139;0.898889541625977;0.590568542480469;1.48945808410645
67;5;5;5;20;"OPTIMAL";2;0;3;912166;761360;150806;52.5995025634766;0;52.5995025634766
68;5;5;5;20;"OPTIMAL";2;2;2;1037976;546320;491656;8.7494010925293;0;8.7494010925293
69;5;5;5;20;"INFEASIBLE";9;5;5;4735311;4135800;599511;2.30464363098145;24.11887550354;26.4235191345215
70;5;5;5;20;"OPTIMAL";3;0;1;1170111;835280;334831;11.2940349578857;0;11.2940349578857
71;5;5;5;20;"OPTIMAL";4;0;2;1389253;1232580;156673;21.7889461517334;0;21.7889461517334
72;5;5;5;20;"OPTIMAL";4;1;3;1727514;1348740;378774;71.8877124786377;0;71.8877124786377
73;5;5;5;20;"OPTIMAL";5;1;1;1880566;1554800;325766;94.5434265136719;0;94.5434265136719
74;5;5;5;20;"OPTIMAL";4;1;2;804896;761250;43646;3.27270317077637;0;3.27270317077637
75;5;5;5;20;"OPTIMAL";3;1;4;1401592;1185110;216482;19.31032371521;0;19.31032371521
76;5;5;5;20;"OPTIMAL";3;1;2;1229093;1114950;114143;34.6501655578613;0;34.6501655578613
77;5;5;5;20;"OPTIMAL";3;0;0;1241215;1029600;211615;24.6039295196533;0;24.6039295196533
78;5;5;5;20;"INFEASIBLE";8;3;5;4055898;3918940;136958;2.66609191894531;2.82051277160645;5.48660469055176
79;5;5;5;20;"OPTIMAL";3;0;1;507907;439240;68667;1.26185607910156;0;1.26185607910156
80;5;5;5;20;"INFEASIBLE";4;1;5;3313046;2561190;751856;21.3337326049805;21.2370128631592;42.5707454681396
81;5;5;5;20;"INFEASIBLE";8;2;3;5421962;4876340;545622;0.974588394165039;12.0841579437256;13.0587463378906
82;5;5;5;20;"OPTIMAL";3;1;3;1764213;1280810;483403;55.2765064239502;0;55.2765064239502
83;5;5;5;20;"OPTIMAL";3;1;3;1361073;1239660;121413;64.891092300415;0;64.891092300415
84;5;5;5;20;"OPTIMAL";4;0;1;1295893;1214480;81413;15.764575958252;0;15.764575958252
85;5;5;5;20;"INFEASIBLE";9;2;4;5429395;4913920;515475;0.854270935058594;10.5096187591553;11.3638896942139
86;5;5;5;20;"OPTIMAL";2;0;2;568011;458520;109491;2.34774398803711;0;2.34774398803711
87;5;5;5;20;"INFEASIBLE";0;2;3;243227;171790;71437;1.00116348266602;0.788597106933594;1.78976058959961
88;5;5;5;20;"OPTIMAL";2;2;2;609559;528030;81529;4.34605598449707;0;4.34605598449707
89;5;5;5;20;"OPTIMAL";4;0;1;1526843;1427490;99353;27.0995635986328;0;27.0995635986328
90;5;5;5;20;"OPTIMAL";3;2;3;995974;739350;256624;10.2813396453857;0;10.2813396453857
91;5;5;5;20;"INFEASIBLE";0;2;4;268226;204120;64106;0.972082138061523;1.00617408752441;1.97825622558594
92;5;5;5;20;"INFEASIBLE";0;1;3;241495;138600;102895;1.12448692321777;0.713411331176758;1.83789825439453
93;5;5;5;20;"OPTIMAL";2;0;2;567477;458520;108957;6.37996482849121;0;6.37996482849121
94;5;5;5;20;"OPTIMAL";3;0;2;714590;591740;122850;1.93866729736328;0;1.93866729736328
95;5;5;5;20;"INFEASIBLE";9;2;5;5680250;5051200;629050;13.9970512390137;17.4544296264648;31.4514808654785
96;5;5;5;20;"OPTIMAL";3;1;1;895636;765680;129956;18.1226959228516;0;18.1226959228516
97;5;5;5;20;"OPTIMAL";4;2;0;1470895;1377250;93645;21.1647853851318;0;21.1647853851318
98;5;5;5;20;"INFEASIBLE";7;1;3;4211565;3561160;650405;1.00677299499512;6.21703338623047;7.22380638122559
99;5;5;5;20;"INFEASIBLE";0;2;3;243615;134430;109185;2.19583892822266;0.803134918212891;2.99897384643555
100;5;5;5;20;"OPTIMAL";4;0;0;877839;811200;66639;7.21869468688965;0;7.21869468688965
1;5;5;5;30;"OPTIMAL";4;2;1;1763704;1383210;380494;26.4007225036621;0;26.4007225036621
2;5;5;5;30;"OPTIMAL";4;0;1;764002;607240;156762;3.77805709838867;0;3.77805709838867
3;5;5;5;30;"OPTIMAL";4;1;3;1807606;1669140;138466;406.302137374878;0;406.302137374878
4;5;5;5;30;"OPTIMAL";2;3;4;1841177;1656630;184547;985.328748703003;0;985.328748703003
5;5;5;5;30;"OPTIMAL";3;5;3;2232068;1540540;691528;203.496183395386;0;203.496183395386
6;5;5;5;30;"OPTIMAL";2;2;1;1171772;744110;427662;94.960994720459;0;94.960994720459
7;5;5;5;30;"OPTIMAL";2;1;3;950804;773870;176934;486.460113525391;0;486.460113525391
8;5;5;5;30;"OPTIMAL";5;2;3;4522501;3683420;839081;439.219097137451;0;439.219097137451
9;5;5;5;30;"OPTIMAL";2;3;3;1029965;851470;178495;226.403881072998;0;226.403881072998
10;5;5;5;30;"OPTIMAL";4;1;1;1758081;1299360;458721;77.7914123535156;0;77.7914123535156
11;5;5;5;30;"OPTIMAL";3;2;3;2092617;1902470;190147;182.400590896606;0;182.400590896606
12;5;5;5;30;"OPTIMAL";5;1;2;1396244;1164110;232134;8.5943775177002;0;8.5943775177002
13;5;5;5;30;"OPTIMAL";2;1;1;771580;649040;122540;122.675441741943;0;122.675441741943
14;5;5;5;30;"OPTIMAL";4;0;2;1576560;1232580;343980;45.18918800354;0;45.18918800354
15;5;5;5;30;"OPTIMAL";7;1;2;6879384;5958190;921194;1290.32312202454;0;1290.32312202454
16;5;5;5;30;"OPTIMAL";3;1;2;1338365;900900;437465;54.6663799285889;0;54.6663799285889
17;5;5;5;30;"INFEASIBLE";7;2;5;7069050;6188060;880990;31.8508243560791;57.5816402435303;89.4324645996094
18;5;5;5;30;"OPTIMAL";2;2;1;773197;623790;149407;14.8214378356934;0;14.8214378356934
19;5;5;5;30;"OPTIMAL";2;1;2;459594;384100;75494;2.76585578918457;0;2.76585578918457
20;5;5;5;30;"OPTIMAL";3;1;1;829571;576610;252961;9.2094898223877;0;9.2094898223877
21;5;5;5;30;"OPTIMAL";4;0;0;1225123;940800;284323;2.80456161499023;0;2.80456161499023
22;5;5;5;30;"OPTIMAL";4;2;2;2170252;2000360;169892;126.299953460693;0;126.299953460693
23;5;5;5;30;"OPTIMAL";3;1;0;748846;609600;139246;13.5199680328369;0;13.5199680328369
24;5;5;5;30;"OPTIMAL";6;0;2;2347848;1988620;359228;22.1794853210449;0;22.1794853210449
25;5;5;5;30;"OPTIMAL";4;1;2;1305041;1122960;182081;13.3926296234131;0;13.3926296234131
26;5;5;5;30;"OPTIMAL";6;3;0;2906310;2359200;547110;626.994291305542;0;626.994291305542
27;5;5;5;30;"INFEASIBLE";6;2;4;3884364;3720600;163764;10.9757022857666;7.61138153076172;18.5870838165283
28;5;5;5;30;"OPTIMAL";2;0;2;699829;586940;112889;17.5727558135986;0;17.5727558135986
29;5;5;5;30;"OPTIMAL";4;2;0;1328337;1144200;184137;41.3775997161865;0;41.3775997161865
30;5;5;5;30;"OPTIMAL";2;2;0;447491;390650;56841;3.40154647827148;0;3.40154647827148
31;5;5;5;30;"OPTIMAL";4;0;0;577861;530400;47461;4.02019119262695;0;4.02019119262695
32;5;5;5;30;"OPTIMAL";4;1;1;1207893;1041680;166213;14.8033657073975;0;14.8033657073975
33;5;5;5;30;"OPTIMAL";3;1;1;519726;455740;63986;3.10427284240723;0;3.10427284240723
34;5;5;5;30;"OPTIMAL";3;1;3;2337880;1979040;358840;396.73687171936;0;396.73687171936
35;5;5;5;30;"OPTIMAL";2;0;1;636951;554480;82471;7.28988456726074;0;7.28988456726074
36;5;5;5;30;"OPTIMAL";4;0;1;2177834;1553550;624284;582.663452148438;0;582.663452148438
37;5;5;5;30;"OPTIMAL";3;0;2;1520518;1371940;148578;111.644395828247;0;111.644395828247
38;5;5;5;30;"OPTIMAL";4;2;2;2696894;2412810;284084;777.254613876343;0;777.254613876343
39;5;5;5;30;"OPTIMAL";3;1;1;1221864;1130810;91054;36.7061386108398;0;36.7061386108398
40;5;5;5;30;"OPTIMAL";4;1;3;3937807;2990900;946907;423.919027328491;0;423.919027328491
41;5;5;5;30;"OPTIMAL";4;0;1;1613378;1240290;373088;20.6664600372314;0;20.6664600372314
42;5;5;5;30;"OPTIMAL";2;1;2;854735;664080;190655;13.0592441558838;0;13.0592441558838
43;5;5;5;30;"OPTIMAL";4;1;1;1654552;1421560;232992;33.8239688873291;0;33.8239688873291
44;5;5;5;30;"OPTIMAL";4;3;2;1829573;1548810;280763;57.2954082489014;0;57.2954082489014
45;5;5;5;30;"OPTIMAL";3;1;3;2132879;1408740;724139;198.171506881714;0;198.171506881714
46;5;5;5;30;"OPTIMAL";7;0;1;5894849;5092410;802439;226.694944381714;0;226.694944381714
47;5;5;5;30;"OPTIMAL";3;1;2;1122904;901980;220924;30.2392807006836;0;30.2392807006836
48;5;5;5;30;"INFEASIBLE";0;3;3;449383;309280;140103;2.52270889282227;2.91376686096191;5.43647575378418
49;5;5;5;30;"INFEASIBLE";9;4;5;8052648;7140290;912358;3.32935523986816;90.5549335479736;93.8842887878418
50;5;5;5;30;"OPTIMAL";5;1;5;5239781;4270390;969391;1252.79919624329;0;1252.79919624329
51;5;5;5;30;"INFEASIBLE";8;1;4;7914340;7155300;759040;59.5055599212646;38.9178676605225;98.4234275817871
52;5;5;5;30;"INFEASIBLE";6;1;5;6185159;5124000;1061159;63.3861045837402;25.9102077484131;89.2963123321533
53;5;5;5;30;"OPTIMAL";3;1;5;3563435;2545750;1017685;211.751682281494;0;211.751682281494
54;5;5;5;30;"OPTIMAL";3;1;2;1933141;1406700;526441;135.667320251465;0;135.667320251465
55;5;5;5;30;"INFEASIBLE";0;2;5;464118;340700;123418;2.9774284362793;3.49078178405762;6.46821022033691
56;5;5;5;30;"OPTIMAL";4;2;1;1635989;1494400;141589;551.350269317627;0;551.350269317627
57;5;5;5;30;"INFEASIBLE";8;1;5;6982751.99999968;6078899.99999968;903852;75.8938598632812;64.1056022644043;139.999462127686
58;5;5;5;30;"OPTIMAL";6;3;4;5315468;4502310;813158;262.549264907837;0;262.549264907837
59;5;5;5;30;"OPTIMAL";3;1;2;2204015;1560030;643985;545.53413772583;0;545.53413772583
60;5;5;5;30;"OPTIMAL";4;1;4;3827407;2895650;931757;1011.69186210632;0;1011.69186210632
61;5;5;5;30;"OPTIMAL";5;0;2;1619374;1466210;153164;603.727195739746;0;603.727195739746
62;5;5;5;30;"OPTIMAL";2;1;2;1005843;794260;211583;104.402616500854;0;104.402616500854
63;5;5;5;30;"OPTIMAL";3;0;1;609897;546060;63837;8.11818885803223;0;8.11818885803223
64;5;5;5;30;"INFEASIBLE";0;3;4;479842;329360;150482;2.51219177246094;2.62097930908203;5.13317108154297
65;5;5;5;30;"OPTIMAL";2;0;2;969519;632580;336939;18.7969951629639;0;18.7969951629639
66;5;5;5;30;"OPTIMAL";3;1;1;1063123;862970;200153;18.3583316802979;0;18.3583316802979
67;5;5;5;30;"OPTIMAL";2;1;1;919947;777710;142237;40.9203395843506;0;40.9203395843506
68;5;5;5;30;"INFEASIBLE";9;3;4;8299793;7439650;860143;456.105295181274;44.7726993560791;500.877994537354
69;5;5;5;30;"OPTIMAL";4;1;3;4347122;3352810;994312;990.529912948608;0;990.529912948608
70;5;5;5;30;"OPTIMAL";3;3;1;1272259;899090;373169;257.966537475586;0;257.966537475586
71;5;5;5;30;"OPTIMAL";3;1;3;1975431;1394080;581351;122.331363677979;0;122.331363677979
72;5;5;5;30;"OPTIMAL";5;2;2;3198072;2424930;773142;21748.8298892975;0;21748.8298892975
73;5;5;5;30;"OPTIMAL";3;0;0;727980;624000;103980;15.6360816955566;0;15.6360816955566
74;5;5;5;30;"OPTIMAL";6;1;2;4556468;3796000;760468;954.096462249756;0;954.096462249756
75;5;5;5;30;"OPTIMAL";3;0;1;631046;556250;74796;4.49446678161621;0;4.49446678161621
76;5;5;5;30;"INFEASIBLE";5;3;3;5552598;4650600;901998;36.1632671356201;160.222141265869;196.385408401489
77;5;5;5;30;"OPTIMAL";3;1;1;803159;714370;88789;12.6461296081543;0;12.6461296081543
78;5;5;5;30;"INFEASIBLE";0;3;5;491751;358000;133751;2.73982048034668;2.57237243652344;5.31219291687012
79;5;5;5;30;"INFEASIBLE";7;2;5;6982667;6186600;796067;59.315315246582;25.0468273162842;84.3621425628662
80;5;5;5;30;"OPTIMAL";3;0;1;969106;882100;87006;49.2816638946533;0;49.2816638946533
81;5;5;5;30;"OPTIMAL";3;1;2;2307431;2101340;206091;692.533861160278;0;692.533861160278
82;5;5;5;30;"OPTIMAL";5;0;1;2728767;2147570;581197;98.7192077636719;0;98.7192077636719
83;5;5;5;30;"OPTIMAL";5;2;3;3179933.99999978;2529439.99999978;650494;1341.03169822693;0;1341.03169822693
84;5;5;5;30;"OPTIMAL";5;2;1;2342504;1819790;522714;205.714088439941;0;205.714088439941
85;5;5;5;30;"OPTIMAL";3;0;0;1041703;912000;129703;127.268001556396;0;127.268001556396
86;5;5;5;30;"OPTIMAL";3;1;2;1234437;883810;350627;92.9112758636475;0;92.9112758636475
87;5;5;5;30;"OPTIMAL";2;1;5;1871178;1683230;187948;501.055208206177;0;501.055208206177
88;5;5;5;30;"OPTIMAL";2;1;0;521101;445800;75301;22.9906406402588;0;22.9906406402588
89;5;5;5;30;"OPTIMAL";3;1;1;722720;533800;188920;3.10475730895996;0;3.10475730895996
90;5;5;5;30;"OPTIMAL";3;2;1;1138003;964400;173603;827.74111366272;0;827.74111366272
91;5;5;5;30;"INFEASIBLE";0;4;5;569790;415820;153970;3.36144065856934;2.47157287597656;5.8330135345459
92;5;5;5;30;"OPTIMAL";2;2;4;1886294;926250;960044;1656.0357170105;0;1656.0357170105
93;5;5;5;30;"OPTIMAL";2;1;2;910693;774820;135873;173.19313621521;0;173.19313621521
94;5;5;5;30;"OPTIMAL";3;1;3;3067728;2123130;944598;228.347810745239;0;228.347810745239
95;5;5;5;30;"OPTIMAL";2;0;3;918395;801290;117105;49.6616268157959;0;49.6616268157959
96;5;5;5;30;"INFEASIBLE";5;1;5;4169633;3998100;171533;68.8365745544434;15.8809261322021;84.7175006866455
97;5;5;5;30;"OPTIMAL";2;2;4;1986720;1799370;187350;638.3876953125;0;638.3876953125
98;5;5;5;30;"OPTIMAL";3;2;1;1232710;1048300;184410;157.417221069336;0;157.417221069336
99;5;5;5;30;"INFEASIBLE";9;4;5;8658475;7744600;913875;604.43883895874;169.101318359375;773.540157318115
100;5;5;5;30;"OPTIMAL";2;0;1;1087984;651700;436284;52.0051136016846;0;52.0051136016846
1;5;5;5;40;"OPTIMAL";4;1;1;1274282;1145640;128642;58.9513301849365;0;58.9513301849365
2;5;5;5;40;"OPTIMAL";4;1;3;1817696;1318500;499196;913.362743377686;0;913.362743377686
3;5;5;5;40;"OPTIMAL";3;1;4;4450952;3163390;1287562;22705.4301452637;0;22705.4301452637
4;5;5;5;40;"OPTIMAL";2;2;4;2245666;1774110;471556;1876.97685623169;0;1876.97685623169
